{"cameraMode":{"drawMode":0,"name":"Shaded","section":"Shading Mode"},"sceneLighting":true,"audioPlay":false,"sceneViewState":{"showFog":true,"showMaterialUpdate":false,"showSkybox":true,"showFlares":true,"showImageEffects":true,"showParticleSystems":true},"in2DMode":false,"pivot":{"x":-9.286406517028809,"y":-2.3856306076049806,"z":-13.272212982177735},"rotation":{"x":-0.0638187974691391,"y":0.9245923161506653,"z":-0.17859391868114472,"w":-0.3303942382335663},"size":19.793380737304689,"orthographic":false}